INSERT INTO PUBLIC.CLIENT (ID, FIRST_NAME, MIDDLE_NAME, LAST_NAME, MOBILE_PHONE, EMAIL, PASSPORT) VALUES ('24bf8fed-1c50-4590-8b90-5e63c7add510', 'Sergey', 'Sergeevich', 'Sergeev', 89023678475, 'sergey@gmail.com', '123456789');
INSERT INTO PUBLIC.CLIENT (ID, FIRST_NAME, MIDDLE_NAME, LAST_NAME, MOBILE_PHONE, EMAIL, PASSPORT) VALUES ('945a939d-1845-4f06-9d91-4ee0e6a45362', 'Ivan', 'Ivanovich', 'Ivanov', 89026541245, 'ivan@gmail.com', '1234543356');
INSERT INTO PUBLIC.CLIENT (ID, FIRST_NAME, MIDDLE_NAME, LAST_NAME, MOBILE_PHONE, EMAIL, PASSPORT) VALUES ('dd1d30b0-a816-43c5-8bac-92adf4fde3a4', 'Michail', 'Michailovich', 'Michailov', 89074586952, 'michail@mail.ru', '952168743');

INSERT INTO PUBLIC.CREDIT (ID, NAME, LIMIT, PERCENT) VALUES ('42dd6835-4fa2-4c51-b034-a7e7c0a091b6', 'Student', 100000, 6.5);
INSERT INTO PUBLIC.CREDIT (ID, NAME, LIMIT, PERCENT) VALUES ('7e29860f-6222-43fb-9739-a1eedc6b57d9', 'Business', 1000000, 8.5);
INSERT INTO PUBLIC.CREDIT (ID, NAME, LIMIT, PERCENT) VALUES ('cd4d3cc7-8e54-4d9b-96fc-a1d58ff2c375', 'Family', 300000, 9.5);

INSERT INTO PUBLIC.BANK (ID, CLIENT_ID, CREDIT_ID) VALUES ('0ed6e7dc-41f8-41da-99a4-5ecc2cb3b89e', '945a939d-1845-4f06-9d91-4ee0e6a45362', '7e29860f-6222-43fb-9739-a1eedc6b57d9');
INSERT INTO PUBLIC.BANK (ID, CLIENT_ID, CREDIT_ID) VALUES ('37845c27-70c0-4ba3-8828-c4edeac5fcfb', '24bf8fed-1c50-4590-8b90-5e63c7add510', '42dd6835-4fa2-4c51-b034-a7e7c0a091b6');
INSERT INTO PUBLIC.BANK (ID, CLIENT_ID, CREDIT_ID) VALUES ('c238966a-3a90-48c2-a700-156c141c1b9c', 'dd1d30b0-a816-43c5-8bac-92adf4fde3a4', 'cd4d3cc7-8e54-4d9b-96fc-a1d58ff2c375');

INSERT INTO PUBLIC.CREDIT_OFFER (ID, BANK_ID, CLIENT_ID, CREDIT_ID, SUM_CREDIT, MONTH) VALUES ('47bd17b1-5516-4863-8f74-8a7a7e5e7b80', '37845c27-70c0-4ba3-8828-c4edeac5fcfb', '24bf8fed-1c50-4590-8b90-5e63c7add510', '42dd6835-4fa2-4c51-b034-a7e7c0a091b6', 100000, 6);
INSERT INTO PUBLIC.CREDIT_OFFER (ID, BANK_ID, CLIENT_ID, CREDIT_ID, SUM_CREDIT, MONTH) VALUES ('48de000b-591c-455d-84ee-73ab87c73716', 'c238966a-3a90-48c2-a700-156c141c1b9c', 'dd1d30b0-a816-43c5-8bac-92adf4fde3a4', 'cd4d3cc7-8e54-4d9b-96fc-a1d58ff2c375', 250000, 12);
INSERT INTO PUBLIC.CREDIT_OFFER (ID, BANK_ID, CLIENT_ID, CREDIT_ID, SUM_CREDIT, MONTH) VALUES ('c2eb302b-049c-4b98-a5d0-4b9b2b6bb5a4', '0ed6e7dc-41f8-41da-99a4-5ecc2cb3b89e', '945a939d-1845-4f06-9d91-4ee0e6a45362', '7e29860f-6222-43fb-9739-a1eedc6b57d9', 1000000, 24);

INSERT INTO PUBLIC.PAYMENT_SCHEDULE (ID, DATE_PAYMENT, SUM_PAYMENT, SUM_BODY, SUM_PERCENT, CREDIT_OFFER_ID) VALUES ('0086a8a4-7636-4940-a7e2-07bd7de8de33', '2022-12-26', 42256.95, 41666.67, 590.28, 'c2eb302b-049c-4b98-a5d0-4b9b2b6bb5a4');
INSERT INTO PUBLIC.PAYMENT_SCHEDULE (ID, DATE_PAYMENT, SUM_PAYMENT, SUM_BODY, SUM_PERCENT, CREDIT_OFFER_ID) VALUES ('046be941-3a9e-4b09-96a9-dd9159995115', '2022-07-26', 43732.64, 41666.67, 2065.97, 'c2eb302b-049c-4b98-a5d0-4b9b2b6bb5a4');
INSERT INTO PUBLIC.PAYMENT_SCHEDULE (ID, DATE_PAYMENT, SUM_PAYMENT, SUM_BODY, SUM_PERCENT, CREDIT_OFFER_ID) VALUES ('053823ef-b500-47c2-bb8c-a7246146dcb3', '2022-03-26', 44913.20, 41666.67, 3246.53, 'c2eb302b-049c-4b98-a5d0-4b9b2b6bb5a4');
INSERT INTO PUBLIC.PAYMENT_SCHEDULE (ID, DATE_PAYMENT, SUM_PAYMENT, SUM_BODY, SUM_PERCENT, CREDIT_OFFER_ID) VALUES ('10292dfb-4442-4145-82a7-e3c3d01c78d4', '2021-12-26', 45798.61, 41666.67, 4131.94, 'c2eb302b-049c-4b98-a5d0-4b9b2b6bb5a4');
INSERT INTO PUBLIC.PAYMENT_SCHEDULE (ID, DATE_PAYMENT, SUM_PAYMENT, SUM_BODY, SUM_PERCENT, CREDIT_OFFER_ID) VALUES ('13e576b9-e689-42ea-8b70-3247070f0501', '2021-03-26', 17118.06, 16666.67, 451.39, '47bd17b1-5516-4863-8f74-8a7a7e5e7b80');
INSERT INTO PUBLIC.PAYMENT_SCHEDULE (ID, DATE_PAYMENT, SUM_PAYMENT, SUM_BODY, SUM_PERCENT, CREDIT_OFFER_ID) VALUES ('1b601862-211e-4b64-8059-df668b6c64ac', '2021-07-26', 16756.95, 16666.67, 90.28, '47bd17b1-5516-4863-8f74-8a7a7e5e7b80');
INSERT INTO PUBLIC.PAYMENT_SCHEDULE (ID, DATE_PAYMENT, SUM_PAYMENT, SUM_BODY, SUM_PERCENT, CREDIT_OFFER_ID) VALUES ('1ba1f2b0-b64e-4c00-b255-03966eaf2999', '2022-04-26', 44618.06, 41666.67, 2951.39, 'c2eb302b-049c-4b98-a5d0-4b9b2b6bb5a4');
INSERT INTO PUBLIC.PAYMENT_SCHEDULE (ID, DATE_PAYMENT, SUM_PAYMENT, SUM_BODY, SUM_PERCENT, CREDIT_OFFER_ID) VALUES ('266550b8-b5ef-47bb-b7c0-3f49476bbe46', '2021-10-26', 46388.89, 41666.67, 4722.22, 'c2eb302b-049c-4b98-a5d0-4b9b2b6bb5a4');
INSERT INTO PUBLIC.PAYMENT_SCHEDULE (ID, DATE_PAYMENT, SUM_PAYMENT, SUM_BODY, SUM_PERCENT, CREDIT_OFFER_ID) VALUES ('381ba1c5-790f-4f43-8e36-522a1c2ff333', '2021-04-26', 48159.73, 41666.67, 6493.06, 'c2eb302b-049c-4b98-a5d0-4b9b2b6bb5a4');
INSERT INTO PUBLIC.PAYMENT_SCHEDULE (ID, DATE_PAYMENT, SUM_PAYMENT, SUM_BODY, SUM_PERCENT, CREDIT_OFFER_ID) VALUES ('39c6240e-73db-402e-9184-92f153544ec0', '2021-02-26', 17208.34, 16666.67, 541.67, '47bd17b1-5516-4863-8f74-8a7a7e5e7b80');
INSERT INTO PUBLIC.PAYMENT_SCHEDULE (ID, DATE_PAYMENT, SUM_PAYMENT, SUM_BODY, SUM_PERCENT, CREDIT_OFFER_ID) VALUES ('4104d7a0-fb6f-47cc-b8de-a3a431019a23', '2022-10-26', 42847.23, 41666.67, 1180.56, 'c2eb302b-049c-4b98-a5d0-4b9b2b6bb5a4');
INSERT INTO PUBLIC.PAYMENT_SCHEDULE (ID, DATE_PAYMENT, SUM_PAYMENT, SUM_BODY, SUM_PERCENT, CREDIT_OFFER_ID) VALUES ('45994fb0-d070-4a1f-a786-6a423217b4f8', '2021-08-26', 46979.17, 41666.67, 5312.50, 'c2eb302b-049c-4b98-a5d0-4b9b2b6bb5a4');
INSERT INTO PUBLIC.PAYMENT_SCHEDULE (ID, DATE_PAYMENT, SUM_PAYMENT, SUM_BODY, SUM_PERCENT, CREDIT_OFFER_ID) VALUES ('48595862-8bc8-4216-9f02-58e2ac5fbb87', '2021-02-26', 22812.50, 20833.33, 1979.17, '48de000b-591c-455d-84ee-73ab87c73716');
INSERT INTO PUBLIC.PAYMENT_SCHEDULE (ID, DATE_PAYMENT, SUM_PAYMENT, SUM_BODY, SUM_PERCENT, CREDIT_OFFER_ID) VALUES ('4be5b7a4-f8af-483a-b2c5-0b60bf08209f', '2021-05-26', 22317.71, 20833.33, 1484.38, '48de000b-591c-455d-84ee-73ab87c73716');
INSERT INTO PUBLIC.PAYMENT_SCHEDULE (ID, DATE_PAYMENT, SUM_PAYMENT, SUM_BODY, SUM_PERCENT, CREDIT_OFFER_ID) VALUES ('4e5c8e88-57bf-409b-b59c-875010a6c466', '2021-07-26', 47274.31, 41666.67, 5607.64, 'c2eb302b-049c-4b98-a5d0-4b9b2b6bb5a4');
INSERT INTO PUBLIC.PAYMENT_SCHEDULE (ID, DATE_PAYMENT, SUM_PAYMENT, SUM_BODY, SUM_PERCENT, CREDIT_OFFER_ID) VALUES ('522c0552-da14-42d6-b07c-05f597834d43', '2021-12-26', 21163.19, 20833.33, 329.86, '48de000b-591c-455d-84ee-73ab87c73716');
INSERT INTO PUBLIC.PAYMENT_SCHEDULE (ID, DATE_PAYMENT, SUM_PAYMENT, SUM_BODY, SUM_PERCENT, CREDIT_OFFER_ID) VALUES ('5ffb3561-ef84-4887-8eef-13494fe19237', '2021-03-26', 22647.57, 20833.33, 1814.24, '48de000b-591c-455d-84ee-73ab87c73716');
INSERT INTO PUBLIC.PAYMENT_SCHEDULE (ID, DATE_PAYMENT, SUM_PAYMENT, SUM_BODY, SUM_PERCENT, CREDIT_OFFER_ID) VALUES ('610dea8f-6bef-428f-9c56-4869bb113a0e', '2022-05-26', 44322.92, 41666.67, 2656.25, 'c2eb302b-049c-4b98-a5d0-4b9b2b6bb5a4');
INSERT INTO PUBLIC.PAYMENT_SCHEDULE (ID, DATE_PAYMENT, SUM_PAYMENT, SUM_BODY, SUM_PERCENT, CREDIT_OFFER_ID) VALUES ('622f247d-0654-4fe0-b90c-f1dd210bc967', '2021-05-26', 47864.59, 41666.67, 6197.92, 'c2eb302b-049c-4b98-a5d0-4b9b2b6bb5a4');
INSERT INTO PUBLIC.PAYMENT_SCHEDULE (ID, DATE_PAYMENT, SUM_PAYMENT, SUM_BODY, SUM_PERCENT, CREDIT_OFFER_ID) VALUES ('635e203a-756d-428c-b239-6205e9f9e9bf', '2021-11-26', 21328.12, 20833.33, 494.79, '48de000b-591c-455d-84ee-73ab87c73716');
INSERT INTO PUBLIC.PAYMENT_SCHEDULE (ID, DATE_PAYMENT, SUM_PAYMENT, SUM_BODY, SUM_PERCENT, CREDIT_OFFER_ID) VALUES ('6c9951bb-a049-4af6-be2e-ed9ae79a7222', '2022-02-26', 45208.34, 41666.67, 3541.67, 'c2eb302b-049c-4b98-a5d0-4b9b2b6bb5a4');
INSERT INTO PUBLIC.PAYMENT_SCHEDULE (ID, DATE_PAYMENT, SUM_PAYMENT, SUM_BODY, SUM_PERCENT, CREDIT_OFFER_ID) VALUES ('6efb60e9-58d3-4daa-9c59-6447ef813184', '2021-09-26', 21657.98, 20833.33, 824.65, '48de000b-591c-455d-84ee-73ab87c73716');
INSERT INTO PUBLIC.PAYMENT_SCHEDULE (ID, DATE_PAYMENT, SUM_PAYMENT, SUM_BODY, SUM_PERCENT, CREDIT_OFFER_ID) VALUES ('808cd1c3-564c-4a24-a93b-c6ae3aa22e8b', '2021-02-26', 48750.00, 41666.67, 7083.33, 'c2eb302b-049c-4b98-a5d0-4b9b2b6bb5a4');
INSERT INTO PUBLIC.PAYMENT_SCHEDULE (ID, DATE_PAYMENT, SUM_PAYMENT, SUM_BODY, SUM_PERCENT, CREDIT_OFFER_ID) VALUES ('8e4d7ee5-eb2d-45b9-b810-3c3e058b5044', '2022-08-26', 43437.50, 41666.67, 1770.83, 'c2eb302b-049c-4b98-a5d0-4b9b2b6bb5a4');
INSERT INTO PUBLIC.PAYMENT_SCHEDULE (ID, DATE_PAYMENT, SUM_PAYMENT, SUM_BODY, SUM_PERCENT, CREDIT_OFFER_ID) VALUES ('926c282b-5862-4db9-a3cf-bd626730a8ff', '2023-01-26', 41961.81, 41666.67, 295.14, 'c2eb302b-049c-4b98-a5d0-4b9b2b6bb5a4');
INSERT INTO PUBLIC.PAYMENT_SCHEDULE (ID, DATE_PAYMENT, SUM_PAYMENT, SUM_BODY, SUM_PERCENT, CREDIT_OFFER_ID) VALUES ('92f69e6c-9114-4361-bac8-1e29729b84ad', '2022-09-26', 43142.36, 41666.67, 1475.69, 'c2eb302b-049c-4b98-a5d0-4b9b2b6bb5a4');
INSERT INTO PUBLIC.PAYMENT_SCHEDULE (ID, DATE_PAYMENT, SUM_PAYMENT, SUM_BODY, SUM_PERCENT, CREDIT_OFFER_ID) VALUES ('976349e8-336b-4e4f-8b43-b699b880cca1', '2022-11-26', 42552.09, 41666.67, 885.42, 'c2eb302b-049c-4b98-a5d0-4b9b2b6bb5a4');
INSERT INTO PUBLIC.PAYMENT_SCHEDULE (ID, DATE_PAYMENT, SUM_PAYMENT, SUM_BODY, SUM_PERCENT, CREDIT_OFFER_ID) VALUES ('b37f50e1-6784-4232-90b6-cfc37276182a', '2021-09-26', 46684.03, 41666.67, 5017.36, 'c2eb302b-049c-4b98-a5d0-4b9b2b6bb5a4');
INSERT INTO PUBLIC.PAYMENT_SCHEDULE (ID, DATE_PAYMENT, SUM_PAYMENT, SUM_BODY, SUM_PERCENT, CREDIT_OFFER_ID) VALUES ('ba208763-def0-4dc5-90a1-6293ce0d573d', '2022-01-26', 45503.48, 41666.67, 3836.81, 'c2eb302b-049c-4b98-a5d0-4b9b2b6bb5a4');
INSERT INTO PUBLIC.PAYMENT_SCHEDULE (ID, DATE_PAYMENT, SUM_PAYMENT, SUM_BODY, SUM_PERCENT, CREDIT_OFFER_ID) VALUES ('bac8c9ba-1c9e-4e2b-89bd-1e40d4f795df', '2021-10-26', 21493.05, 20833.33, 659.72, '48de000b-591c-455d-84ee-73ab87c73716');
INSERT INTO PUBLIC.PAYMENT_SCHEDULE (ID, DATE_PAYMENT, SUM_PAYMENT, SUM_BODY, SUM_PERCENT, CREDIT_OFFER_ID) VALUES ('bd9b60a4-2974-4df9-8cb5-e3f172967048', '2021-04-26', 17027.78, 16666.67, 361.11, '47bd17b1-5516-4863-8f74-8a7a7e5e7b80');
INSERT INTO PUBLIC.PAYMENT_SCHEDULE (ID, DATE_PAYMENT, SUM_PAYMENT, SUM_BODY, SUM_PERCENT, CREDIT_OFFER_ID) VALUES ('c5c16d0b-a949-4434-a4e5-de310deea0db', '2021-06-26', 16847.23, 16666.67, 180.56, '47bd17b1-5516-4863-8f74-8a7a7e5e7b80');
INSERT INTO PUBLIC.PAYMENT_SCHEDULE (ID, DATE_PAYMENT, SUM_PAYMENT, SUM_BODY, SUM_PERCENT, CREDIT_OFFER_ID) VALUES ('d3223c21-5b7e-4cda-ad8f-53750fc9406c', '2022-06-26', 44027.78, 41666.67, 2361.11, 'c2eb302b-049c-4b98-a5d0-4b9b2b6bb5a4');
INSERT INTO PUBLIC.PAYMENT_SCHEDULE (ID, DATE_PAYMENT, SUM_PAYMENT, SUM_BODY, SUM_PERCENT, CREDIT_OFFER_ID) VALUES ('d5628de9-52ad-4c92-97ee-6e38a0d98075', '2021-05-26', 16937.50, 16666.67, 270.83, '47bd17b1-5516-4863-8f74-8a7a7e5e7b80');
INSERT INTO PUBLIC.PAYMENT_SCHEDULE (ID, DATE_PAYMENT, SUM_PAYMENT, SUM_BODY, SUM_PERCENT, CREDIT_OFFER_ID) VALUES ('d6f4eb6f-9170-41f8-9114-4ab0b479afab', '2021-04-26', 22482.64, 20833.33, 1649.31, '48de000b-591c-455d-84ee-73ab87c73716');
INSERT INTO PUBLIC.PAYMENT_SCHEDULE (ID, DATE_PAYMENT, SUM_PAYMENT, SUM_BODY, SUM_PERCENT, CREDIT_OFFER_ID) VALUES ('d86dd0a5-92cb-4f59-8e7a-6bc9495330c7', '2021-11-26', 46093.75, 41666.67, 4427.08, 'c2eb302b-049c-4b98-a5d0-4b9b2b6bb5a4');
INSERT INTO PUBLIC.PAYMENT_SCHEDULE (ID, DATE_PAYMENT, SUM_PAYMENT, SUM_BODY, SUM_PERCENT, CREDIT_OFFER_ID) VALUES ('dc394aec-aa69-4253-a469-744ebc4307d5', '2021-07-26', 21987.84, 20833.33, 1154.51, '48de000b-591c-455d-84ee-73ab87c73716');
INSERT INTO PUBLIC.PAYMENT_SCHEDULE (ID, DATE_PAYMENT, SUM_PAYMENT, SUM_BODY, SUM_PERCENT, CREDIT_OFFER_ID) VALUES ('e026c7ed-e36a-4920-8601-0a7b09c4d76e', '2021-08-26', 21822.91, 20833.33, 989.58, '48de000b-591c-455d-84ee-73ab87c73716');
INSERT INTO PUBLIC.PAYMENT_SCHEDULE (ID, DATE_PAYMENT, SUM_PAYMENT, SUM_BODY, SUM_PERCENT, CREDIT_OFFER_ID) VALUES ('e251f591-6a4c-43e7-878e-f297f60c82ff', '2022-01-26', 20998.26, 20833.33, 164.93, '48de000b-591c-455d-84ee-73ab87c73716');
INSERT INTO PUBLIC.PAYMENT_SCHEDULE (ID, DATE_PAYMENT, SUM_PAYMENT, SUM_BODY, SUM_PERCENT, CREDIT_OFFER_ID) VALUES ('e2628ed0-8652-425b-92f4-da47a76ce334', '2021-06-26', 47569.45, 41666.67, 5902.78, 'c2eb302b-049c-4b98-a5d0-4b9b2b6bb5a4');
INSERT INTO PUBLIC.PAYMENT_SCHEDULE (ID, DATE_PAYMENT, SUM_PAYMENT, SUM_BODY, SUM_PERCENT, CREDIT_OFFER_ID) VALUES ('ebb9d6c7-9e23-4c20-ad93-3d1309372fff', '2021-03-26', 48454.86, 41666.67, 6788.19, 'c2eb302b-049c-4b98-a5d0-4b9b2b6bb5a4');
INSERT INTO PUBLIC.PAYMENT_SCHEDULE (ID, DATE_PAYMENT, SUM_PAYMENT, SUM_BODY, SUM_PERCENT, CREDIT_OFFER_ID) VALUES ('efbc6fc1-1411-4aa4-ad22-bc965f3fd42f', '2021-06-26', 22152.77, 20833.33, 1319.44, '48de000b-591c-455d-84ee-73ab87c73716');